<?xml version="1.0" encoding="UTF-8"?>
<!DOCTYPE mapper PUBLIC "-//mybatis.org//DTD Mapper 3.0//EN" "http://mybatis.org/dtd/mybatis-3-mapper.dtd">
<mapper namespace="com.xuecheng.ucenter.mapper.XcUserRoleMapper">

    <!-- 通用查询映射结果 -->
    <resultMap id="BaseResultMap" type="com.xuecheng.ucenter.model.po.XcUserRole">
        <id column="id" property="id" />
        <result column="user_id" property="userId" />
        <result column="role_id" property="roleId" />
        <result column="create_time" property="createTime" />
        <result column="creator" property="creator" />
    </resultMap>

    <!-- 通用查询结果列 -->
    <sql id="Base_Column_List">
        id, user_id, role_id, create_time, creator
    </sql>

</mapper>
